product_id,product_name,total_quantity,total_revenue,total_profit
P102,Smartphone,5,150000.0,25000.0
P110,Webcam,9,22500.0,6300.0
P108,Mouse,19,15200.0,5700.0
P103,Headphones,11,27500.0,7700.0
P107,Keyboard,15,22500.0,7500.0
P106,Printer,5,60000.0,15000.0
P104,Smartwatch,7,35000.0,10500.0
P109,Monitor,3,45000.0,9000.0
P101,Laptop,3,195000.0,30000.0
P105,Tablet,3,60000.0,12000.0
